side,row,col,char
LEFT,0,0,E
LEFT,0,1,M
LEFT,0,2,U
LEFT,0,3,F
LEFT,0,4,P
LEFT,0,5,H
LEFT,0,6,Z
LEFT,0,7,L
LEFT,0,8,R
LEFT,0,9,F
LEFT,0,10,A
LEFT,0,11,X
LEFT,0,12,Y
LEFT,0,13,U
LEFT,0,14,S
LEFT,0,15,D
LEFT,0,16,J
LEFT,0,17,K
LEFT,0,18,Z
LEFT,0,19,L
LEFT,0,20,D
LEFT,0,21,K
LEFT,0,22,R
LEFT,0,23,N
LEFT,0,24,S
LEFT,0,25,H
LEFT,0,26,G
LEFT,0,27,N
LEFT,0,28,F
LEFT,0,29,I
LEFT,0,30,V
LEFT,0,31,J
LEFT,1,0,Y
LEFT,1,1,Q
LEFT,1,2,T
LEFT,1,3,Q
LEFT,1,4,U
LEFT,1,5,X
LEFT,1,6,Q
LEFT,1,7,B
LEFT,1,8,Q
LEFT,1,9,V
LEFT,1,10,Y
LEFT,1,11,U
LEFT,1,12,V
LEFT,1,13,L
LEFT,1,14,L
LEFT,1,15,T
LEFT,1,16,R
LEFT,1,17,E
LEFT,1,18,V
LEFT,1,19,J
LEFT,1,20,Y
LEFT,1,21,Q
LEFT,1,22,T
LEFT,1,23,M
LEFT,1,24,K
LEFT,1,25,Y
LEFT,1,26,R
LEFT,1,27,D
LEFT,1,28,M
LEFT,1,29,F
LEFT,1,30,D
LEFT,2,0,V
LEFT,2,1,F
LEFT,2,2,P
LEFT,2,3,J
LEFT,2,4,U
LEFT,2,5,D
LEFT,2,6,E
LEFT,2,7,E
LEFT,2,8,H
LEFT,2,9,Z
LEFT,2,10,W
LEFT,2,11,E
LEFT,2,12,T
LEFT,2,13,Z
LEFT,2,14,Y
LEFT,2,15,V
LEFT,2,16,G
LEFT,2,17,W
LEFT,2,18,H
LEFT,2,19,K
LEFT,2,20,K
LEFT,2,21,Q
LEFT,2,22,E
LEFT,2,23,T
LEFT,2,24,G
LEFT,2,25,F
LEFT,2,26,Q
LEFT,2,27,J
LEFT,2,28,N
LEFT,2,29,C
LEFT,2,30,E
LEFT,3,0,G
LEFT,3,1,G
LEFT,3,2,W
LEFT,3,3,H
LEFT,3,4,K
LEFT,3,5,K
LEFT,3,6,?
LEFT,3,7,D
LEFT,3,8,Q
LEFT,3,9,M
LEFT,3,10,C
LEFT,3,11,P
LEFT,3,12,F
LEFT,3,13,Q
LEFT,3,14,Z
LEFT,3,15,D
LEFT,3,16,Q
LEFT,3,17,M
LEFT,3,18,M
LEFT,3,19,I
LEFT,3,20,A
LEFT,3,21,G
LEFT,3,22,P
LEFT,3,23,F
LEFT,3,24,X
LEFT,3,25,H
LEFT,3,26,Q
LEFT,3,27,R
LEFT,3,28,L
LEFT,3,29,G
LEFT,4,0,T
LEFT,4,1,I
LEFT,4,2,M
LEFT,4,3,V
LEFT,4,4,M
LEFT,4,5,Z
LEFT,4,6,J
LEFT,4,7,A
LEFT,4,8,N
LEFT,4,9,Q
LEFT,4,10,L
LEFT,4,11,V
LEFT,4,12,K
LEFT,4,13,Q
LEFT,4,14,E
LEFT,4,15,D
LEFT,4,16,A
LEFT,4,17,G
LEFT,4,18,D
LEFT,4,19,V
LEFT,4,20,F
LEFT,4,21,R
LEFT,4,22,P
LEFT,4,23,J
LEFT,4,24,U
LEFT,4,25,N
LEFT,4,26,G
LEFT,4,27,E
LEFT,4,28,U
LEFT,4,29,N
LEFT,4,30,A
LEFT,5,0,Q
LEFT,5,1,Z
LEFT,5,2,G
LEFT,5,3,Z
LEFT,5,4,L
LEFT,5,5,E
LEFT,5,6,C
LEFT,5,7,G
LEFT,5,8,Y
LEFT,5,9,U
LEFT,5,10,X
LEFT,5,11,U
LEFT,5,12,E
LEFT,5,13,E
LEFT,5,14,N
LEFT,5,15,J
LEFT,5,16,T
LEFT,5,17,B
LEFT,5,18,J
LEFT,5,19,L
LEFT,5,20,B
LEFT,5,21,Q
LEFT,5,22,C
LEFT,5,23,R
LEFT,5,24,T
LEFT,5,25,B
LEFT,5,26,J
LEFT,5,27,D
LEFT,5,28,F
LEFT,5,29,H
LEFT,5,30,R
LEFT,5,31,R
LEFT,6,0,Y
LEFT,6,1,I
LEFT,6,2,Z
LEFT,6,3,E
LEFT,6,4,T
LEFT,6,5,K
LEFT,6,6,Z
LEFT,6,7,E
LEFT,6,8,M
LEFT,6,9,V
LEFT,6,10,D
LEFT,6,11,U
LEFT,6,12,F
LEFT,6,13,K
LEFT,6,14,S
LEFT,6,15,J
LEFT,6,16,H
LEFT,6,17,K
LEFT,6,18,F
LEFT,6,19,W
LEFT,6,20,H
LEFT,6,21,K
LEFT,6,22,U
LEFT,6,23,W
LEFT,6,24,Q
LEFT,6,25,L
LEFT,6,26,S
LEFT,6,27,Z
LEFT,6,28,F
LEFT,6,29,T
LEFT,6,30,I
LEFT,7,0,H
LEFT,7,1,H
LEFT,7,2,D
LEFT,7,3,D
LEFT,7,4,D
LEFT,7,5,U
LEFT,7,6,V
LEFT,7,7,H
LEFT,7,8,?
LEFT,7,9,D
LEFT,7,10,W
LEFT,7,11,K
LEFT,7,12,B
LEFT,7,13,F
LEFT,7,14,U
LEFT,7,15,F
LEFT,7,16,P
LEFT,7,17,W
LEFT,7,18,N
LEFT,7,19,T
LEFT,7,20,D
LEFT,7,21,F
LEFT,7,22,I
LEFT,7,23,Y
LEFT,7,24,C
LEFT,7,25,U
LEFT,7,26,Q
LEFT,7,27,Z
LEFT,7,28,E
LEFT,7,29,R
LEFT,7,30,E
LEFT,8,0,E
LEFT,8,1,V
LEFT,8,2,L
LEFT,8,3,D
LEFT,8,4,K
LEFT,8,5,F
LEFT,8,6,E
LEFT,8,7,Z
LEFT,8,8,M
LEFT,8,9,O
LEFT,8,10,Q
LEFT,8,11,Q
LEFT,8,12,J
LEFT,8,13,L
LEFT,8,14,T
LEFT,8,15,T
LEFT,8,16,U
LEFT,8,17,G
LEFT,8,18,S
LEFT,8,19,Y
LEFT,8,20,Q
LEFT,8,21,P
LEFT,8,22,F
LEFT,8,23,E
LEFT,8,24,U
LEFT,8,25,N
LEFT,8,26,L
LEFT,8,27,A
LEFT,8,28,V
LEFT,8,29,I
LEFT,8,30,D
LEFT,8,31,X
LEFT,9,0,F
LEFT,9,1,L
LEFT,9,2,G
LEFT,9,3,G
LEFT,9,4,T
LEFT,9,5,E
LEFT,9,6,Z
LEFT,9,7,?
LEFT,9,8,F
LEFT,9,9,K
LEFT,9,10,Z
LEFT,9,11,B
LEFT,9,12,S
LEFT,9,13,F
LEFT,9,14,D
LEFT,9,15,Q
LEFT,9,16,V
LEFT,9,17,G
LEFT,9,18,O
LEFT,9,19,G
LEFT,9,20,I
LEFT,9,21,P
LEFT,9,22,U
LEFT,9,23,F
LEFT,9,24,X
LEFT,9,25,H
LEFT,9,26,H
LEFT,9,27,D
LEFT,9,28,R
LEFT,9,29,K
LEFT,9,30,F
LEFT,10,0,F
LEFT,10,1,H
LEFT,10,2,Q
LEFT,10,3,N
LEFT,10,4,T
LEFT,10,5,G
LEFT,10,6,P
LEFT,10,7,U
LEFT,10,8,A
LEFT,10,9,E
LEFT,10,10,C
LEFT,10,11,N
LEFT,10,12,U
LEFT,10,13,V
LEFT,10,14,P
LEFT,10,15,D
LEFT,10,16,J
LEFT,10,17,M
LEFT,10,18,Q
LEFT,10,19,C
LEFT,10,20,L
LEFT,10,21,Q
LEFT,10,22,U
LEFT,10,23,M
LEFT,10,24,U
LEFT,10,25,N
LEFT,10,26,E
LEFT,10,27,D
LEFT,10,28,F
LEFT,10,29,Q
LEFT,11,0,E
LEFT,11,1,L
LEFT,11,2,Z
LEFT,11,3,Z
LEFT,11,4,V
LEFT,11,5,R
LEFT,11,6,R
LEFT,11,7,G
LEFT,11,8,K
LEFT,11,9,F
LEFT,11,10,F
LEFT,11,11,V
LEFT,11,12,O
LEFT,11,13,E
LEFT,11,14,E
LEFT,11,15,X
LEFT,11,16,B
LEFT,11,17,D
LEFT,11,18,M
LEFT,11,19,V
LEFT,11,20,P
LEFT,11,21,N
LEFT,11,22,F
LEFT,11,23,Q
LEFT,11,24,X
LEFT,11,25,E
LEFT,11,26,Z
LEFT,11,27,L
LEFT,11,28,G
LEFT,11,29,R
LEFT,11,30,E
LEFT,12,0,D
LEFT,12,1,N
LEFT,12,2,Q
LEFT,12,3,F
LEFT,12,4,M
LEFT,12,5,P
LEFT,12,6,N
LEFT,12,7,Z
LEFT,12,8,G
LEFT,12,9,L
LEFT,12,10,F
LEFT,12,11,L
LEFT,12,12,P
LEFT,12,13,M
LEFT,12,14,R
LEFT,12,15,J
LEFT,12,16,Q
LEFT,12,17,Y
LEFT,12,18,A
LEFT,12,19,L
LEFT,12,20,M
LEFT,12,21,G
LEFT,12,22,N
LEFT,12,23,U
LEFT,12,24,V
LEFT,12,25,P
LEFT,12,26,D
LEFT,12,27,X
LEFT,12,28,V
LEFT,12,29,K
LEFT,12,30,P
LEFT,13,0,D
LEFT,13,1,Q
LEFT,13,2,U
LEFT,13,3,M
LEFT,13,4,E
LEFT,13,5,B
LEFT,13,6,E
LEFT,13,7,D
LEFT,13,8,M
LEFT,13,9,H
LEFT,13,10,D
LEFT,13,11,A
LEFT,13,12,F
LEFT,13,13,M
LEFT,13,14,J
LEFT,13,15,G
LEFT,13,16,Z
LEFT,13,17,N
LEFT,13,18,U
LEFT,13,19,P
LEFT,13,20,L
LEFT,13,21,G
LEFT,13,22,E
LEFT,13,23,W
LEFT,13,24,J
LEFT,13,25,L
LEFT,13,26,L
LEFT,13,27,A
LEFT,13,28,E
LEFT,13,29,T
LEFT,13,30,G
LEFT,14,0,E
LEFT,14,1,N
LEFT,14,2,D
LEFT,14,3,Y
LEFT,14,4,A
LEFT,14,5,H
LEFT,14,6,R
LEFT,14,7,O
LEFT,14,8,H
LEFT,14,9,N
LEFT,14,10,L
LEFT,14,11,S
LEFT,14,12,R
LEFT,14,13,H
LEFT,14,14,E
LEFT,14,15,O
LEFT,14,16,C
LEFT,14,17,P
LEFT,14,18,T
LEFT,14,19,E
LEFT,14,20,O
LEFT,14,21,I
LEFT,14,22,B
LEFT,14,23,I
LEFT,14,24,D
LEFT,14,25,Y
LEFT,14,26,S
LEFT,14,27,H
LEFT,14,28,N
LEFT,14,29,A
LEFT,14,30,I
LEFT,14,31,A
LEFT,15,0,C
LEFT,15,1,H
LEFT,15,2,T
LEFT,15,3,N
LEFT,15,4,R
LEFT,15,5,E
LEFT,15,6,Y
LEFT,15,7,U
LEFT,15,8,L
LEFT,15,9,D
LEFT,15,10,S
LEFT,15,11,L
LEFT,15,12,L
LEFT,15,13,S
LEFT,15,14,L
LEFT,15,15,L
LEFT,15,16,N
LEFT,15,17,O
LEFT,15,18,H
LEFT,15,19,S
LEFT,15,20,N
LEFT,15,21,O
LEFT,15,22,S
LEFT,15,23,M
LEFT,15,24,R
LEFT,15,25,W
LEFT,15,26,X
LEFT,15,27,M
LEFT,15,28,N
LEFT,15,29,E
LEFT,16,0,T
LEFT,16,1,P
LEFT,16,2,R
LEFT,16,3,N
LEFT,16,4,G
LEFT,16,5,A
LEFT,16,6,T
LEFT,16,7,I
LEFT,16,8,H
LEFT,16,9,N
LEFT,16,10,R
LEFT,16,11,A
LEFT,16,12,R
LEFT,16,13,P
LEFT,16,14,E
LEFT,16,15,S
LEFT,16,16,L
LEFT,16,17,N
LEFT,16,18,N
LEFT,16,19,E
LEFT,16,20,L
LEFT,16,21,E
LEFT,16,22,B
LEFT,16,23,L
LEFT,16,24,P
LEFT,16,25,I
LEFT,16,26,I
LEFT,16,27,A
LEFT,16,28,C
LEFT,16,29,A
LEFT,16,30,E
LEFT,17,0,W
LEFT,17,1,M
LEFT,17,2,T
LEFT,17,3,W
LEFT,17,4,N
LEFT,17,5,D
LEFT,17,6,I
LEFT,17,7,T
LEFT,17,8,E
LEFT,17,9,E
LEFT,17,10,N
LEFT,17,11,R
LEFT,17,12,A
LEFT,17,13,H
LEFT,17,14,C
LEFT,17,15,T
LEFT,17,16,E
LEFT,17,17,N
LEFT,17,18,E
LEFT,17,19,U
LEFT,17,20,D
LEFT,17,21,R
LEFT,17,22,E
LEFT,17,23,T
LEFT,17,24,N
LEFT,17,25,H
LEFT,17,26,A
LEFT,17,27,E
LEFT,17,28,O
LEFT,17,29,E
LEFT,18,0,T
LEFT,18,1,F
LEFT,18,2,O
LEFT,18,3,L
LEFT,18,4,S
LEFT,18,5,E
LEFT,18,6,D
LEFT,18,7,T
LEFT,18,8,I
LEFT,18,9,W
LEFT,18,10,E
LEFT,18,11,N
LEFT,18,12,H
LEFT,18,13,A
LEFT,18,14,E
LEFT,18,15,I
LEFT,18,16,O
LEFT,18,17,Y
LEFT,18,18,T
LEFT,18,19,E
LEFT,18,20,Y
LEFT,18,21,Q
LEFT,18,22,H
LEFT,18,23,E
LEFT,18,24,E
LEFT,18,25,N
LEFT,18,26,C
LEFT,18,27,T
LEFT,18,28,A
LEFT,18,29,Y
LEFT,18,30,C
LEFT,18,31,R
LEFT,19,0,E
LEFT,19,1,I
LEFT,19,2,F
LEFT,19,3,T
LEFT,19,4,B
LEFT,19,5,R
LEFT,19,6,S
LEFT,19,7,P
LEFT,19,8,A
LEFT,19,9,M
LEFT,19,10,H
LEFT,19,11,H
LEFT,19,12,E
LEFT,19,13,W
LEFT,19,14,E
LEFT,19,15,N
LEFT,19,16,A
LEFT,19,17,T
LEFT,19,18,A
LEFT,19,19,M
LEFT,19,20,A
LEFT,19,21,T
LEFT,19,22,E
LEFT,19,23,G
LEFT,19,24,Y
LEFT,19,25,E
LEFT,19,26,E
LEFT,19,27,R
LEFT,19,28,L
LEFT,19,29,B
LEFT,20,0,T
LEFT,20,1,E
LEFT,20,2,E
LEFT,20,3,F
LEFT,20,4,O
LEFT,20,5,A
LEFT,20,6,S
LEFT,20,7,F
LEFT,20,8,I
LEFT,20,9,O
LEFT,20,10,T
LEFT,20,11,U
LEFT,20,12,E
LEFT,20,13,T
LEFT,20,14,U
LEFT,20,15,A
LEFT,20,16,E
LEFT,20,17,O
LEFT,20,18,T
LEFT,20,19,O
LEFT,20,20,A
LEFT,20,21,R
LEFT,20,22,M
LEFT,20,23,A
LEFT,20,24,E
LEFT,20,25,E
LEFT,20,26,R
LEFT,20,27,T
LEFT,20,28,N
LEFT,20,29,R
LEFT,20,30,T
LEFT,20,31,I
LEFT,21,0,B
LEFT,21,1,S
LEFT,21,2,E
LEFT,21,3,D
LEFT,21,4,D
LEFT,21,5,N
LEFT,21,6,I
LEFT,21,7,A
LEFT,21,8,A
LEFT,21,9,H
LEFT,21,10,T
LEFT,21,11,T
LEFT,21,12,M
LEFT,21,13,S
LEFT,21,14,T
LEFT,21,15,E
LEFT,21,16,W
LEFT,21,17,P
LEFT,21,18,I
LEFT,21,19,E
LEFT,21,20,R
LEFT,21,21,O
LEFT,21,22,A
LEFT,21,23,G
LEFT,21,24,R
LEFT,21,25,I
LEFT,21,26,E
LEFT,21,27,W
LEFT,21,28,F
LEFT,21,29,E
LEFT,21,30,B
LEFT,22,0,A
LEFT,22,1,E
LEFT,22,2,C
LEFT,22,3,T
LEFT,22,4,D
LEFT,22,5,D
LEFT,22,6,H
LEFT,22,7,I
LEFT,22,8,L
LEFT,22,9,C
LEFT,22,10,E
LEFT,22,11,I
LEFT,22,12,H
LEFT,22,13,S
LEFT,22,14,I
LEFT,22,15,T
LEFT,22,16,E
LEFT,22,17,G
LEFT,22,18,O
LEFT,22,19,E
LEFT,22,20,A
LEFT,22,21,O
LEFT,22,22,S
LEFT,22,23,D
LEFT,22,24,D
LEFT,22,25,R
LEFT,22,26,Y
LEFT,22,27,D
LEFT,22,28,L
LEFT,22,29,O
LEFT,22,30,R
LEFT,22,31,I
LEFT,22,32,T
LEFT,23,0,R
LEFT,23,1,K
LEFT,23,2,L
LEFT,23,3,M
LEFT,23,4,L
LEFT,23,5,E
LEFT,23,6,H
LEFT,23,7,A
LEFT,23,8,G
LEFT,23,9,T
LEFT,23,10,D
LEFT,23,11,H
LEFT,23,12,A
LEFT,23,13,R
LEFT,23,14,D
LEFT,23,15,P
LEFT,23,16,N
LEFT,23,17,E
LEFT,23,18,O
LEFT,23,19,H
LEFT,23,20,M
LEFT,23,21,G
LEFT,23,22,F
LEFT,23,23,M
LEFT,23,24,F
LEFT,23,25,E
LEFT,23,26,U
LEFT,23,27,H
LEFT,23,28,E
LEFT,24,0,E
LEFT,24,1,C
LEFT,24,2,D
LEFT,24,3,M
LEFT,24,4,R
LEFT,24,5,I
LEFT,24,6,P
LEFT,24,7,F
LEFT,24,8,E
LEFT,24,9,I
LEFT,24,10,M
LEFT,24,11,E
LEFT,24,12,H
LEFT,24,13,N
LEFT,24,14,L
LEFT,24,15,S
LEFT,24,16,S
LEFT,24,17,T
LEFT,24,18,T
LEFT,24,19,R
LEFT,24,20,T
LEFT,24,21,V
LEFT,24,22,D
LEFT,24,23,O
LEFT,24,24,H
LEFT,24,25,W
LEFT,24,26,?
LEFT,24,27,O
LEFT,24,28,B
LEFT,24,29,K
LEFT,24,30,R
LEFT,25,0,U
LEFT,25,1,O
LEFT,25,2,X
LEFT,25,3,O
LEFT,25,4,G
LEFT,25,5,H
LEFT,25,6,U
LEFT,25,7,L
LEFT,25,8,B
LEFT,25,9,S
LEFT,25,10,O
LEFT,25,11,L
LEFT,25,12,I
LEFT,25,13,F
LEFT,25,14,B
LEFT,25,15,B
LEFT,25,16,W
LEFT,25,17,F
LEFT,25,18,L
LEFT,25,19,R
LEFT,25,20,V
LEFT,25,21,Q
LEFT,25,22,Q
LEFT,25,23,P
LEFT,25,24,R
LEFT,25,25,N
LEFT,25,26,G
LEFT,25,27,K
LEFT,25,28,S
LEFT,25,29,S
LEFT,25,30,O
LEFT,26,0,T
LEFT,26,1,W
LEFT,26,2,T
LEFT,26,3,Q
LEFT,26,4,S
LEFT,26,5,J
LEFT,26,6,Q
LEFT,26,7,S
LEFT,26,8,S
LEFT,26,9,E
LEFT,26,10,K
LEFT,26,11,Z
LEFT,26,12,Z
LEFT,26,13,W
LEFT,26,14,A
LEFT,26,15,T
LEFT,26,16,J
LEFT,26,17,K
LEFT,26,18,L
LEFT,26,19,U
LEFT,26,20,D
LEFT,26,21,I
LEFT,26,22,A
LEFT,26,23,W
LEFT,26,24,I
LEFT,26,25,N
LEFT,26,26,F
LEFT,26,27,B
LEFT,26,28,N
LEFT,26,29,Y
LEFT,26,30,P
LEFT,27,0,V
LEFT,27,1,T
LEFT,27,2,T
LEFT,27,3,M
LEFT,27,4,Z
LEFT,27,5,F
LEFT,27,6,P
LEFT,27,7,K
LEFT,27,8,W
LEFT,27,9,G
LEFT,27,10,D
LEFT,27,11,K
LEFT,27,12,Z
LEFT,27,13,X
LEFT,27,14,T
LEFT,27,15,J
LEFT,27,16,C
LEFT,27,17,D
LEFT,27,18,I
LEFT,27,19,G
LEFT,27,20,K
LEFT,27,21,U
LEFT,27,22,H
LEFT,27,23,U
LEFT,27,24,A
LEFT,27,25,U
LEFT,27,26,E
LEFT,27,27,K
LEFT,27,28,C
LEFT,27,29,A
LEFT,27,30,R
RIGHT,0,0,A
RIGHT,0,1,B
RIGHT,0,2,C
RIGHT,0,3,D
RIGHT,0,4,E
RIGHT,0,5,F
RIGHT,0,6,G
RIGHT,0,7,H
RIGHT,0,8,I
RIGHT,0,9,J
RIGHT,0,10,K
RIGHT,0,11,L
RIGHT,0,12,M
RIGHT,0,13,N
RIGHT,0,14,O
RIGHT,0,15,P
RIGHT,0,16,Q
RIGHT,0,17,R
RIGHT,0,18,S
RIGHT,0,19,T
RIGHT,0,20,U
RIGHT,0,21,V
RIGHT,0,22,W
RIGHT,0,23,X
RIGHT,0,24,Y
RIGHT,0,25,Z
RIGHT,0,26,A
RIGHT,0,27,B
RIGHT,0,28,C
RIGHT,0,29,D
RIGHT,1,0,A
RIGHT,1,1,K
RIGHT,1,2,R
RIGHT,1,3,Y
RIGHT,1,4,P
RIGHT,1,5,T
RIGHT,1,6,O
RIGHT,1,7,S
RIGHT,1,8,A
RIGHT,1,9,B
RIGHT,1,10,C
RIGHT,1,11,D
RIGHT,1,12,E
RIGHT,1,13,F
RIGHT,1,14,G
RIGHT,1,15,H
RIGHT,1,16,I
RIGHT,1,17,J
RIGHT,1,18,L
RIGHT,1,19,M
RIGHT,1,20,N
RIGHT,1,21,Q
RIGHT,1,22,U
RIGHT,1,23,V
RIGHT,1,24,W
RIGHT,1,25,X
RIGHT,1,26,Z
RIGHT,1,27,K
RIGHT,1,28,R
RIGHT,1,29,Y
RIGHT,1,30,P
RIGHT,2,0,B
RIGHT,2,1,R
RIGHT,2,2,Y
RIGHT,2,3,P
RIGHT,2,4,T
RIGHT,2,5,O
RIGHT,2,6,S
RIGHT,2,7,A
RIGHT,2,8,B
RIGHT,2,9,C
RIGHT,2,10,D
RIGHT,2,11,E
RIGHT,2,12,F
RIGHT,2,13,G
RIGHT,2,14,H
RIGHT,2,15,I
RIGHT,2,16,J
RIGHT,2,17,L
RIGHT,2,18,M
RIGHT,2,19,N
RIGHT,2,20,Q
RIGHT,2,21,U
RIGHT,2,22,V
RIGHT,2,23,W
RIGHT,2,24,X
RIGHT,2,25,Z
RIGHT,2,26,K
RIGHT,2,27,R
RIGHT,2,28,Y
RIGHT,2,29,P
RIGHT,2,30,T
RIGHT,3,0,C
RIGHT,3,1,Y
RIGHT,3,2,P
RIGHT,3,3,T
RIGHT,3,4,O
RIGHT,3,5,S
RIGHT,3,6,A
RIGHT,3,7,B
RIGHT,3,8,C
RIGHT,3,9,D
RIGHT,3,10,E
RIGHT,3,11,F
RIGHT,3,12,G
RIGHT,3,13,H
RIGHT,3,14,I
RIGHT,3,15,J
RIGHT,3,16,L
RIGHT,3,17,M
RIGHT,3,18,N
RIGHT,3,19,Q
RIGHT,3,20,U
RIGHT,3,21,V
RIGHT,3,22,W
RIGHT,3,23,X
RIGHT,3,24,Z
RIGHT,3,25,K
RIGHT,3,26,R
RIGHT,3,27,Y
RIGHT,3,28,P
RIGHT,3,29,T
RIGHT,3,30,O
RIGHT,4,0,D
RIGHT,4,1,P
RIGHT,4,2,T
RIGHT,4,3,O
RIGHT,4,4,S
RIGHT,4,5,A
RIGHT,4,6,B
RIGHT,4,7,C
RIGHT,4,8,D
RIGHT,4,9,E
RIGHT,4,10,F
RIGHT,4,11,G
RIGHT,4,12,H
RIGHT,4,13,I
RIGHT,4,14,J
RIGHT,4,15,L
RIGHT,4,16,M
RIGHT,4,17,N
RIGHT,4,18,Q
RIGHT,4,19,U
RIGHT,4,20,V
RIGHT,4,21,W
RIGHT,4,22,X
RIGHT,4,23,Z
RIGHT,4,24,K
RIGHT,4,25,R
RIGHT,4,26,Y
RIGHT,4,27,P
RIGHT,4,28,T
RIGHT,4,29,O
RIGHT,4,30,S
RIGHT,5,0,E
RIGHT,5,1,T
RIGHT,5,2,O
RIGHT,5,3,S
RIGHT,5,4,A
RIGHT,5,5,B
RIGHT,5,6,C
RIGHT,5,7,D
RIGHT,5,8,E
RIGHT,5,9,F
RIGHT,5,10,G
RIGHT,5,11,H
RIGHT,5,12,I
RIGHT,5,13,J
RIGHT,5,14,L
RIGHT,5,15,M
RIGHT,5,16,N
RIGHT,5,17,Q
RIGHT,5,18,U
RIGHT,5,19,V
RIGHT,5,20,W
RIGHT,5,21,X
RIGHT,5,22,Z
RIGHT,5,23,K
RIGHT,5,24,R
RIGHT,5,25,Y
RIGHT,5,26,P
RIGHT,5,27,T
RIGHT,5,28,O
RIGHT,5,29,S
RIGHT,5,30,A
RIGHT,6,0,F
RIGHT,6,1,O
RIGHT,6,2,S
RIGHT,6,3,A
RIGHT,6,4,B
RIGHT,6,5,C
RIGHT,6,6,D
RIGHT,6,7,E
RIGHT,6,8,F
RIGHT,6,9,G
RIGHT,6,10,H
RIGHT,6,11,I
RIGHT,6,12,J
RIGHT,6,13,L
RIGHT,6,14,M
RIGHT,6,15,N
RIGHT,6,16,Q
RIGHT,6,17,U
RIGHT,6,18,V
RIGHT,6,19,W
RIGHT,6,20,X
RIGHT,6,21,Z
RIGHT,6,22,K
RIGHT,6,23,R
RIGHT,6,24,Y
RIGHT,6,25,P
RIGHT,6,26,T
RIGHT,6,27,O
RIGHT,6,28,S
RIGHT,6,29,A
RIGHT,6,30,B
RIGHT,7,0,G
RIGHT,7,1,S
RIGHT,7,2,A
RIGHT,7,3,B
RIGHT,7,4,C
RIGHT,7,5,D
RIGHT,7,6,E
RIGHT,7,7,F
RIGHT,7,8,G
RIGHT,7,9,H
RIGHT,7,10,I
RIGHT,7,11,J
RIGHT,7,12,L
RIGHT,7,13,M
RIGHT,7,14,N
RIGHT,7,15,Q
RIGHT,7,16,U
RIGHT,7,17,V
RIGHT,7,18,W
RIGHT,7,19,X
RIGHT,7,20,Z
RIGHT,7,21,K
RIGHT,7,22,R
RIGHT,7,23,Y
RIGHT,7,24,P
RIGHT,7,25,T
RIGHT,7,26,O
RIGHT,7,27,S
RIGHT,7,28,A
RIGHT,7,29,B
RIGHT,7,30,C
RIGHT,8,0,H
RIGHT,8,1,A
RIGHT,8,2,B
RIGHT,8,3,C
RIGHT,8,4,D
RIGHT,8,5,E
RIGHT,8,6,F
RIGHT,8,7,G
RIGHT,8,8,H
RIGHT,8,9,I
RIGHT,8,10,J
RIGHT,8,11,L
RIGHT,8,12,M
RIGHT,8,13,N
RIGHT,8,14,Q
RIGHT,8,15,U
RIGHT,8,16,V
RIGHT,8,17,W
RIGHT,8,18,X
RIGHT,8,19,Z
RIGHT,8,20,K
RIGHT,8,21,R
RIGHT,8,22,Y
RIGHT,8,23,P
RIGHT,8,24,T
RIGHT,8,25,O
RIGHT,8,26,S
RIGHT,8,27,A
RIGHT,8,28,B
RIGHT,8,29,C
RIGHT,8,30,D
RIGHT,9,0,I
RIGHT,9,1,B
RIGHT,9,2,C
RIGHT,9,3,D
RIGHT,9,4,E
RIGHT,9,5,F
RIGHT,9,6,G
RIGHT,9,7,H
RIGHT,9,8,I
RIGHT,9,9,J
RIGHT,9,10,L
RIGHT,9,11,M
RIGHT,9,12,N
RIGHT,9,13,Q
RIGHT,9,14,U
RIGHT,9,15,V
RIGHT,9,16,W
RIGHT,9,17,X
RIGHT,9,18,Z
RIGHT,9,19,K
RIGHT,9,20,R
RIGHT,9,21,Y
RIGHT,9,22,P
RIGHT,9,23,T
RIGHT,9,24,O
RIGHT,9,25,S
RIGHT,9,26,A
RIGHT,9,27,B
RIGHT,9,28,C
RIGHT,9,29,D
RIGHT,9,30,E
RIGHT,10,0,J
RIGHT,10,1,C
RIGHT,10,2,D
RIGHT,10,3,E
RIGHT,10,4,F
RIGHT,10,5,G
RIGHT,10,6,H
RIGHT,10,7,I
RIGHT,10,8,J
RIGHT,10,9,L
RIGHT,10,10,M
RIGHT,10,11,N
RIGHT,10,12,Q
RIGHT,10,13,U
RIGHT,10,14,V
RIGHT,10,15,W
RIGHT,10,16,X
RIGHT,10,17,Z
RIGHT,10,18,K
RIGHT,10,19,R
RIGHT,10,20,Y
RIGHT,10,21,P
RIGHT,10,22,T
RIGHT,10,23,O
RIGHT,10,24,S
RIGHT,10,25,A
RIGHT,10,26,B
RIGHT,10,27,C
RIGHT,10,28,D
RIGHT,10,29,E
RIGHT,10,30,F
RIGHT,11,0,K
RIGHT,11,1,D
RIGHT,11,2,E
RIGHT,11,3,F
RIGHT,11,4,G
RIGHT,11,5,H
RIGHT,11,6,I
RIGHT,11,7,J
RIGHT,11,8,L
RIGHT,11,9,M
RIGHT,11,10,N
RIGHT,11,11,Q
RIGHT,11,12,U
RIGHT,11,13,V
RIGHT,11,14,W
RIGHT,11,15,X
RIGHT,11,16,Z
RIGHT,11,17,K
RIGHT,11,18,R
RIGHT,11,19,Y
RIGHT,11,20,P
RIGHT,11,21,T
RIGHT,11,22,O
RIGHT,11,23,S
RIGHT,11,24,A
RIGHT,11,25,B
RIGHT,11,26,C
RIGHT,11,27,D
RIGHT,11,28,E
RIGHT,11,29,F
RIGHT,11,30,G
RIGHT,12,0,L
RIGHT,12,1,E
RIGHT,12,2,F
RIGHT,12,3,G
RIGHT,12,4,H
RIGHT,12,5,I
RIGHT,12,6,J
RIGHT,12,7,L
RIGHT,12,8,M
RIGHT,12,9,N
RIGHT,12,10,Q
RIGHT,12,11,U
RIGHT,12,12,V
RIGHT,12,13,W
RIGHT,12,14,X
RIGHT,12,15,Z
RIGHT,12,16,K
RIGHT,12,17,R
RIGHT,12,18,Y
RIGHT,12,19,P
RIGHT,12,20,T
RIGHT,12,21,O
RIGHT,12,22,S
RIGHT,12,23,A
RIGHT,12,24,B
RIGHT,12,25,C
RIGHT,12,26,D
RIGHT,12,27,E
RIGHT,12,28,F
RIGHT,12,29,G
RIGHT,12,30,H
RIGHT,13,0,M
RIGHT,13,1,F
RIGHT,13,2,G
RIGHT,13,3,H
RIGHT,13,4,I
RIGHT,13,5,J
RIGHT,13,6,L
RIGHT,13,7,M
RIGHT,13,8,N
RIGHT,13,9,Q
RIGHT,13,10,U
RIGHT,13,11,V
RIGHT,13,12,W
RIGHT,13,13,X
RIGHT,13,14,Z
RIGHT,13,15,K
RIGHT,13,16,R
RIGHT,13,17,Y
RIGHT,13,18,P
RIGHT,13,19,T
RIGHT,13,20,O
RIGHT,13,21,S
RIGHT,13,22,A
RIGHT,13,23,B
RIGHT,13,24,C
RIGHT,13,25,D
RIGHT,13,26,E
RIGHT,13,27,F
RIGHT,13,28,G
RIGHT,13,29,H
RIGHT,13,30,I
RIGHT,14,0,N
RIGHT,14,1,G
RIGHT,14,2,H
RIGHT,14,3,I
RIGHT,14,4,J
RIGHT,14,5,L
RIGHT,14,6,M
RIGHT,14,7,N
RIGHT,14,8,Q
RIGHT,14,9,U
RIGHT,14,10,V
RIGHT,14,11,W
RIGHT,14,12,X
RIGHT,14,13,Z
RIGHT,14,14,K
RIGHT,14,15,R
RIGHT,14,16,Y
RIGHT,14,17,P
RIGHT,14,18,T
RIGHT,14,19,O
RIGHT,14,20,S
RIGHT,14,21,A
RIGHT,14,22,B
RIGHT,14,23,C
RIGHT,14,24,D
RIGHT,14,25,E
RIGHT,14,26,F
RIGHT,14,27,G
RIGHT,14,28,H
RIGHT,14,29,I
RIGHT,14,30,J
RIGHT,14,31,L
RIGHT,15,0,O
RIGHT,15,1,H
RIGHT,15,2,I
RIGHT,15,3,J
RIGHT,15,4,L
RIGHT,15,5,M
RIGHT,15,6,N
RIGHT,15,7,Q
RIGHT,15,8,U
RIGHT,15,9,V
RIGHT,15,10,W
RIGHT,15,11,X
RIGHT,15,12,Z
RIGHT,15,13,K
RIGHT,15,14,R
RIGHT,15,15,Y
RIGHT,15,16,P
RIGHT,15,17,T
RIGHT,15,18,O
RIGHT,15,19,S
RIGHT,15,20,A
RIGHT,15,21,B
RIGHT,15,22,C
RIGHT,15,23,D
RIGHT,15,24,E
RIGHT,15,25,F
RIGHT,15,26,G
RIGHT,15,27,H
RIGHT,15,28,I
RIGHT,15,29,J
RIGHT,15,30,L
RIGHT,16,0,P
RIGHT,16,1,I
RIGHT,16,2,J
RIGHT,16,3,L
RIGHT,16,4,M
RIGHT,16,5,N
RIGHT,16,6,Q
RIGHT,16,7,U
RIGHT,16,8,V
RIGHT,16,9,W
RIGHT,16,10,X
RIGHT,16,11,Z
RIGHT,16,12,K
RIGHT,16,13,R
RIGHT,16,14,Y
RIGHT,16,15,P
RIGHT,16,16,T
RIGHT,16,17,O
RIGHT,16,18,S
RIGHT,16,19,A
RIGHT,16,20,B
RIGHT,16,21,C
RIGHT,16,22,D
RIGHT,16,23,E
RIGHT,16,24,F
RIGHT,16,25,G
RIGHT,16,26,H
RIGHT,16,27,I
RIGHT,16,28,J
RIGHT,16,29,L
RIGHT,16,30,M
RIGHT,17,0,Q
RIGHT,17,1,J
RIGHT,17,2,L
RIGHT,17,3,M
RIGHT,17,4,N
RIGHT,17,5,Q
RIGHT,17,6,U
RIGHT,17,7,V
RIGHT,17,8,W
RIGHT,17,9,X
RIGHT,17,10,Z
RIGHT,17,11,K
RIGHT,17,12,R
RIGHT,17,13,Y
RIGHT,17,14,P
RIGHT,17,15,T
RIGHT,17,16,O
RIGHT,17,17,S
RIGHT,17,18,A
RIGHT,17,19,B
RIGHT,17,20,C
RIGHT,17,21,D
RIGHT,17,22,E
RIGHT,17,23,F
RIGHT,17,24,G
RIGHT,17,25,H
RIGHT,17,26,I
RIGHT,17,27,J
RIGHT,17,28,L
RIGHT,17,29,M
RIGHT,17,30,N
RIGHT,18,0,R
RIGHT,18,1,L
RIGHT,18,2,M
RIGHT,18,3,N
RIGHT,18,4,Q
RIGHT,18,5,U
RIGHT,18,6,V
RIGHT,18,7,W
RIGHT,18,8,X
RIGHT,18,9,Z
RIGHT,18,10,K
RIGHT,18,11,R
RIGHT,18,12,Y
RIGHT,18,13,P
RIGHT,18,14,T
RIGHT,18,15,O
RIGHT,18,16,S
RIGHT,18,17,A
RIGHT,18,18,B
RIGHT,18,19,C
RIGHT,18,20,D
RIGHT,18,21,E
RIGHT,18,22,F
RIGHT,18,23,G
RIGHT,18,24,H
RIGHT,18,25,I
RIGHT,18,26,J
RIGHT,18,27,L
RIGHT,18,28,M
RIGHT,18,29,N
RIGHT,18,30,Q
RIGHT,19,0,S
RIGHT,19,1,M
RIGHT,19,2,N
RIGHT,19,3,Q
RIGHT,19,4,U
RIGHT,19,5,V
RIGHT,19,6,W
RIGHT,19,7,X
RIGHT,19,8,Z
RIGHT,19,9,K
RIGHT,19,10,R
RIGHT,19,11,Y
RIGHT,19,12,P
RIGHT,19,13,T
RIGHT,19,14,O
RIGHT,19,15,S
RIGHT,19,16,A
RIGHT,19,17,B
RIGHT,19,18,C
RIGHT,19,19,D
RIGHT,19,20,E
RIGHT,19,21,F
RIGHT,19,22,G
RIGHT,19,23,H
RIGHT,19,24,I
RIGHT,19,25,J
RIGHT,19,26,L
RIGHT,19,27,M
RIGHT,19,28,N
RIGHT,19,29,Q
RIGHT,19,30,U
RIGHT,20,0,T
RIGHT,20,1,N
RIGHT,20,2,Q
RIGHT,20,3,U
RIGHT,20,4,V
RIGHT,20,5,W
RIGHT,20,6,X
RIGHT,20,7,Z
RIGHT,20,8,K
RIGHT,20,9,R
RIGHT,20,10,Y
RIGHT,20,11,P
RIGHT,20,12,T
RIGHT,20,13,O
RIGHT,20,14,S
RIGHT,20,15,A
RIGHT,20,16,B
RIGHT,20,17,C
RIGHT,20,18,D
RIGHT,20,19,E
RIGHT,20,20,F
RIGHT,20,21,G
RIGHT,20,22,H
RIGHT,20,23,I
RIGHT,20,24,J
RIGHT,20,25,L
RIGHT,20,26,M
RIGHT,20,27,N
RIGHT,20,28,Q
RIGHT,20,29,U
RIGHT,20,30,V
RIGHT,21,0,U
RIGHT,21,1,Q
RIGHT,21,2,U
RIGHT,21,3,V
RIGHT,21,4,W
RIGHT,21,5,X
RIGHT,21,6,Z
RIGHT,21,7,K
RIGHT,21,8,R
RIGHT,21,9,Y
RIGHT,21,10,P
RIGHT,21,11,T
RIGHT,21,12,O
RIGHT,21,13,S
RIGHT,21,14,A
RIGHT,21,15,B
RIGHT,21,16,C
RIGHT,21,17,D
RIGHT,21,18,E
RIGHT,21,19,F
RIGHT,21,20,G
RIGHT,21,21,H
RIGHT,21,22,I
RIGHT,21,23,J
RIGHT,21,24,L
RIGHT,21,25,M
RIGHT,21,26,N
RIGHT,21,27,Q
RIGHT,21,28,U
RIGHT,21,29,V
RIGHT,21,30,W
RIGHT,22,0,V
RIGHT,22,1,U
RIGHT,22,2,V
RIGHT,22,3,W
RIGHT,22,4,X
RIGHT,22,5,Z
RIGHT,22,6,K
RIGHT,22,7,R
RIGHT,22,8,Y
RIGHT,22,9,P
RIGHT,22,10,T
RIGHT,22,11,O
RIGHT,22,12,S
RIGHT,22,13,A
RIGHT,22,14,B
RIGHT,22,15,C
RIGHT,22,16,D
RIGHT,22,17,E
RIGHT,22,18,F
RIGHT,22,19,G
RIGHT,22,20,H
RIGHT,22,21,I
RIGHT,22,22,J
RIGHT,22,23,L
RIGHT,22,24,M
RIGHT,22,25,N
RIGHT,22,26,Q
RIGHT,22,27,U
RIGHT,22,28,V
RIGHT,22,29,W
RIGHT,22,30,X
RIGHT,23,0,W
RIGHT,23,1,V
RIGHT,23,2,W
RIGHT,23,3,X
RIGHT,23,4,Z
RIGHT,23,5,K
RIGHT,23,6,R
RIGHT,23,7,Y
RIGHT,23,8,P
RIGHT,23,9,T
RIGHT,23,10,O
RIGHT,23,11,S
RIGHT,23,12,A
RIGHT,23,13,B
RIGHT,23,14,C
RIGHT,23,15,D
RIGHT,23,16,E
RIGHT,23,17,F
RIGHT,23,18,G
RIGHT,23,19,H
RIGHT,23,20,I
RIGHT,23,21,J
RIGHT,23,22,L
RIGHT,23,23,M
RIGHT,23,24,N
RIGHT,23,25,Q
RIGHT,23,26,U
RIGHT,23,27,V
RIGHT,23,28,W
RIGHT,23,29,X
RIGHT,23,30,Z
RIGHT,24,0,X
RIGHT,24,1,W
RIGHT,24,2,X
RIGHT,24,3,Z
RIGHT,24,4,K
RIGHT,24,5,R
RIGHT,24,6,Y
RIGHT,24,7,P
RIGHT,24,8,T
RIGHT,24,9,O
RIGHT,24,10,S
RIGHT,24,11,A
RIGHT,24,12,B
RIGHT,24,13,C
RIGHT,24,14,D
RIGHT,24,15,E
RIGHT,24,16,F
RIGHT,24,17,G
RIGHT,24,18,H
RIGHT,24,19,I
RIGHT,24,20,J
RIGHT,24,21,L
RIGHT,24,22,M
RIGHT,24,23,N
RIGHT,24,24,Q
RIGHT,24,25,U
RIGHT,24,26,V
RIGHT,24,27,W
RIGHT,24,28,X
RIGHT,24,29,Z
RIGHT,24,30,K
RIGHT,25,0,Y
RIGHT,25,1,X
RIGHT,25,2,Z
RIGHT,25,3,K
RIGHT,25,4,R
RIGHT,25,5,Y
RIGHT,25,6,P
RIGHT,25,7,T
RIGHT,25,8,O
RIGHT,25,9,S
RIGHT,25,10,A
RIGHT,25,11,B
RIGHT,25,12,C
RIGHT,25,13,D
RIGHT,25,14,E
RIGHT,25,15,F
RIGHT,25,16,G
RIGHT,25,17,H
RIGHT,25,18,I
RIGHT,25,19,J
RIGHT,25,20,L
RIGHT,25,21,M
RIGHT,25,22,N
RIGHT,25,23,Q
RIGHT,25,24,U
RIGHT,25,25,V
RIGHT,25,26,W
RIGHT,25,27,X
RIGHT,25,28,Z
RIGHT,25,29,K
RIGHT,25,30,R
RIGHT,26,0,Z
RIGHT,26,1,Z
RIGHT,26,2,K
RIGHT,26,3,R
RIGHT,26,4,Y
RIGHT,26,5,P
RIGHT,26,6,T
RIGHT,26,7,O
RIGHT,26,8,S
RIGHT,26,9,A
RIGHT,26,10,B
RIGHT,26,11,C
RIGHT,26,12,D
RIGHT,26,13,E
RIGHT,26,14,F
RIGHT,26,15,G
RIGHT,26,16,H
RIGHT,26,17,I
RIGHT,26,18,J
RIGHT,26,19,L
RIGHT,26,20,M
RIGHT,26,21,N
RIGHT,26,22,Q
RIGHT,26,23,U
RIGHT,26,24,V
RIGHT,26,25,W
RIGHT,26,26,X
RIGHT,26,27,Z
RIGHT,26,28,K
RIGHT,26,29,R
RIGHT,26,30,Y
RIGHT,27,0,A
RIGHT,27,1,B
RIGHT,27,2,C
RIGHT,27,3,D
RIGHT,27,4,E
RIGHT,27,5,F
RIGHT,27,6,G
RIGHT,27,7,H
RIGHT,27,8,I
RIGHT,27,9,J
RIGHT,27,10,K
RIGHT,27,11,L
RIGHT,27,12,M
RIGHT,27,13,N
RIGHT,27,14,O
RIGHT,27,15,P
RIGHT,27,16,Q
RIGHT,27,17,R
RIGHT,27,18,S
RIGHT,27,19,T
RIGHT,27,20,U
RIGHT,27,21,V
RIGHT,27,22,W
RIGHT,27,23,X
RIGHT,27,24,Y
RIGHT,27,25,Z
RIGHT,27,26,A
RIGHT,27,27,B
RIGHT,27,28,C
RIGHT,27,29,D
